{
  "trades": 2912,
  "win_rate": 0.599,
  "profit_factor": 1.24,
  "sharpe": 0,
  "max_drawdown": 0,
  "final_equity": 108491.38965862594,
  "gross_pnl": 8491.389658625936,
  "net_pnl": 8491.389658625936,
  "total_fees": 0,
  "win_rate_pct": 59.9,
  "avg_win_pct": 2.5,
  "avg_loss_pct": -3.02,
  "signals_per_day": 2.31
}