{
  "created_at": "2026-01-02T19:37:34.993509",
  "feature_names": [
    "rsi_2",
    "rsi_14",
    "ibs",
    "atr_pct",
    "bb_percentile",
    "sma_20_200_ratio",
    "volume_ratio",
    "adv_60",
    "sweep_strength",
    "don_position",
    "near_20d_low",
    "down_streak",
    "vix",
    "spy_ret_5d",
    "regime_bull",
    "regime_bear"
  ],
  "n_features": 16,
  "xgboost": {
    "accuracy": 0.9968864326301861,
    "auc": 0.9999515173211885,
    "best_iteration": 0,
    "scale_pos_weight": 1.027221082531166
  },
  "lightgbm": {
    "accuracy": 0.9968864326301861,
    "auc": 0.9999520142686463,
    "best_iteration": 9,
    "scale_pos_weight": 1.027221082531166
  }
}