feature,importance
ibs,183499.5728033441
rsi_2,66573.37023584743
sweep_strength,6622.572709289478
near_20d_low,40.202548629783905
volume_ratio,20.220348186423962
vix,18.599380114059386
bb_percentile,17.308085044860505
atr_pct,14.500004453635512
sma_20_200_ratio,10.108433037346913
rsi_14,8.679486001739292
spy_ret_5d,7.012664363048998
down_streak,6.618474257643584
regime_bear,6.454669339815155
don_position,5.462677584245057
adv_60,0.0
regime_bull,0.0
