feature,importance
ibs,4703.068359375
rsi_2,512.8894653320312
sweep_strength,70.7616195678711
