{
  "created_at": "2026-01-02T19:33:07.292124",
  "n_states": 3,
  "state_labels": {
    "0": "BEARISH",
    "2": "NEUTRAL",
    "1": "BULLISH"
  },
  "training_stats": {
    "n_samples": 455,
    "n_states": 3,
    "log_likelihood": -305.5066273909742,
    "n_iterations": 100,
    "feature_means": {
      "returns": 0.6867908751634709,
      "volatility": 14.425264752040272,
      "vix": 14.388551761798917,
      "breadth": 1.7016437308333814
    },
    "feature_stds": {
      "returns": 2.754341721339582,
      "volatility": 8.985144071856094,
      "vix": 9.054000870712745,
      "breadth": 3.1720620534223745
    }
  },
  "feature_names": [
    "returns",
    "volatility",
    "vix",
    "breadth"
  ]
}