{
  "created_at": "2026-01-05T19:15:31.635946",
  "n_states": 3,
  "state_labels": {
    "1": "BEARISH",
    "0": "NEUTRAL",
    "2": "BULLISH"
  },
  "training_stats": {
    "n_samples": 455,
    "n_states": 3,
    "log_likelihood": -1785.805162194202,
    "n_iterations": 100,
    "feature_means": {
      "returns": 0.975225995483791,
      "volatility": 12.076029208835038,
      "vix": 15.828571415995503,
      "breadth": 2.2978650699187337
    },
    "feature_stds": {
      "returns": 2.3806209978959587,
      "volatility": 3.112019325842026,
      "vix": 3.176007228761835,
      "breadth": 2.584274479196374
    }
  },
  "feature_names": [
    "returns",
    "volatility",
    "vix",
    "breadth"
  ]
}