{
  "created_at": "2026-01-02T20:54:11.643166",
  "model_type": "lstm_confidence",
  "data_shape": [
    9108,
    20,
    84
  ],
  "epochs_trained": 23,
  "final_loss": 0.47619059681892395,
  "final_val_loss": 0.4912509322166443,
  "metrics": {
    "loss": 0.46663910150527954,
    "compile_metrics": 0.665290892124176,
    "direction_output_loss": 0.0005989675410091877,
    "magnitude_output_loss": 0.6699358224868774,
    "success_output_loss": 0.6021248698234558
  },
  "config": {
    "lstm_units": [
      128,
      64
    ],
    "dropout": 0.3,
    "learning_rate": 0.001
  }
}