{
  "created_at": "2026-01-02T19:37:11.516789",
  "model_type": "lstm_confidence",
  "data_shape": [
    64233,
    1,
    16
  ],
  "epochs_trained": 47,
  "final_loss": 0.017063939943909645,
  "final_val_loss": 0.017089463770389557,
  "metrics": {
    "loss": 0.02030797116458416,
    "compile_metrics": 0.029784152284264565,
    "direction_output_loss": 9.780192340258509e-05,
    "magnitude_output_loss": 0.02910192310810089,
    "success_output_loss": 0.9990637302398682
  },
  "config": {
    "lstm_units": [
      128,
      64
    ],
    "dropout": 0.3,
    "learning_rate": 0.001
  }
}